Model,Mentions,Average Sentiment
LLaMA 2,3,0.24057539682539683
Model A,32,0.1323321585931101
GPT-4,10,0.10837030397028488
ChatGPT,24,0.10711810658080573
Claude,28,0.10377747668331401
Model B,10,0.05999853806907378
Stable Diffusion,5,-0.08492857142857144
