Model,Mentions,Average Sentiment
Qwen 1.5,1,0.3455555555555556
InternVL 2,2,0.345
Gemma 2,117,0.18373579247768038
Phi-3,11,0.17933782017690622
Command-R-Plus,4,0.1568795884914306
Molmo,35,0.15639786532439592
Llama 3.1,170,0.13804357025257857
Claude 3.5,74,0.1366190917672225
Gemini,139,0.13330747352253963
Claude,406,0.12866112411711367
Llama 3,382,0.12811376277910846
GPT-4o,67,0.11925900228570326
Command R,25,0.1149021857286389
GLM-4,13,0.10615773115773114
Grok-2,10,0.09789377289377289
InternLM,7,0.09328757260479949
DeepSeek Coder v2,3,0.0888888888888889
GPT-3.5,4,0.0057410037878787845
GPT-4-Turbo,2,-0.6679924242424242
Athene-70B,1,-0.7068181818181819
Yi-Large,1,-0.7068181818181819